0134f9f410c65ad0e8c2254a7e9288670e02a183,8.032632235885426
035f97702f2c01d26ab1fae8f39ea2f98a0caa3c,7.913405556590298
06024da8147b5cf6105beb4c403f67cf1ff0aea1,9.948154952041598
0aaebc88f6106684d6993c156104c1ef36cf94e0,8.271210674878795
0bf111a9caedf02804f6991792490e63bc21058a,8.523877676484659
0d815307d5307124d148bbebfb41497230c4bd15,9.064959961177701
0eb93817d6eb3d5bd3e44dbc75971eea193b924f,8.943611918086413
12887fd9a4df4ba9b88a71f3fb1d2502a75995dd,8.34696505634358
137ffd846ed245676a14f1d5e8676a4ef646182b,7.992718326317508
138c5848f009c004f0b8e2379316d5ec18332ff8,7.640597126718279
209d7c77e7a150b6990a3372f7cb24da0c0e7e07,9.140915637725993
2383a9a33025aa8759fee9a890f6420df0fc8b47,8.681822858893605
248ff20c10b7d18c30fc84ce214936f5bb440e6e,8.226518726826166
2855b4b4d03c37c94117e615a25e0e321ec8d77a,9.430454802749155
2fa311a94bc0da6d97955730d071ad6fcc770bfd,8.497894746974065
326a025b5c23347b9eb2c5ceae75a5908a461f69,8.029755237241446
339fff79c43561c995b29972a962ccec846c599f,8.30333745459737
36dbfe4759f861ee72011812df2178cbbfd736a1,8.257770396442597
39713cf2db02601e4bd6360ba70f8013c0433f48,8.065041473992427
3d4f612148056feeb651f4711c1f640f5015101a,5.134466691232439
410357eb9129023509cfaf8d38be61c050bb3b05,7.3758218696290285
4dcdd4c95ba88786172619ebea8aad4ec757a150,8.423434600499942
4df58b4a53afe49f40e1c054f9a2e8553352e254,8.191528600034193
4f571f241bb2d884216b4712cdcd482e310a718a,7.985347461889416
508e0627871ed482bd8ab34544e43e5d856a889c,8.027047108725064
50f17ae2d9048b293cc969aa8668b365f9773f1b,7.550992661994211
5235e36e00b0e927e6ce9f6f771ef92915857989,7.8254849262120585
529d7e5b25e40c18bb7ea49be0963ed7f3e288ea,8.42619681860943
541270fc6468b9399001ee5a8bfa0cd380e1db60,8.311931845537375
549b4b9f5408631f8a062a6a3b71c496646ee0fb,8.044922933498146
55ef1cb9ba9a618396f8f82aefdc261d00864381,8.067255031370124
5b023883ac089df249ef06f7c8c4398f37e1c55d,7.533139087778667
5c67cd01bb445f9b80d30f2c551d0d42776898fe,8.10669453425437
61c0c30e1af44a3ad57880bfab7a88591a434b92,8.058598194198709
6434afe6261c6f3f4fdbad511a2db8ef090f8c07,7.822762229966654
67212308d026508fd5b6942ffbbdd7b0be2e89de,6.630480891557768
67f697ac574661dca982dcd95ba358bde5b48a8e,7.966701407122976
7186e8a3fb8c0322eee7e354ed8f1669885f6774,7.335206179800214
72a34636b5a1de1c3796e43d5abc564b4d0803e7,8.153399806572477
737dd3b5a70f36e8bb79f4c5cf86c7ccfb1e7d55,8.381888532956122
73c38d8466f153b974c09c066d1469f63b856d07,8.434575022076409
73ec1e02101d9e26fb75fe8580eec218d09ba78b,6.2368574764740705
7494b38c6d82b590c4afa6cc975f583f51395177,8.084293585999818
75ef6c3aff156ef52aa846c2fc3b26271e50e335,8.140718600685855
797c7c555f32a47816ca7f0c017002a2131c132a,7.844146192044748
798e6393c36bd3b6dc0a9f97de7d4c87a6e5b252,6.195160010487898
79fb09750bdb85310622bf240e1060ef8de8bce1,7.97740566265897
84a17972cc6d29489bbe205a9e7feb8745726fbc,8.59706854082894
84b6b2d70924066c8345f2bc2281791ae3188da2,8.227261000058816
851d9a4b9b8e236f2d62282ddf06fae57b7d9492,8.05490682581456
8531dba6dd1818a4e3f3ba5e355e1e5ea9276afe,7.910156839269431
8554d1155712da4bc72ec5921db3227311265359,8.768325140478096
8576d2d269326a29503a1763996227723fa531a7,8.21777382393665
85838695003ef753ce13327655b84defa54d6eae,9.040659209408428
859c3b6fce7256abf5acfef957e6c04134c01e4b,8.298559048324144
85bebedd9d4605ff6823f6f25c761e64a588bf22,8.214250291940477
85bf028205803eb9b1e5494c540ddd2938606606,8.29087714792935
861075bc29124627aacce66a29c6dd835abcf3be,8.329505823061819
8674a295a4ae610ccd77b60cbaa692db6a875761,8.81881373706089
86a7e49131f2acbd350c4b0b9a2243838bd4e122,8.62655607321204
86adc493a1cc74328222a194a1d1e3adf098b5c8,8.414615227664788
86d9a98ab0225d2c2faf6d51fe3b9fad194c3ce3,8.306592218801558
87322721181928972ce2b67242f61ff23275f3dd,8.561269289807193
875e48fd13e52a01a4d48d745d72128f25b9ec81,8.817878666470879
87752697bce404c9b410be71a45e76f3c7fc9392,8.367575345973401
87b3a5eca0c70c7828168756cd7813cc8b3285bd,8.661734383962813
87ce4212940578f8ab9aaab4616b104ab515d4e9,8.863514558833563
87e4a8d6efab19e147f510e9b5d10c0d0ff5845e,8.516544682591233
88003ba023714648c4312658ad9a4b3703e56de0,8.871662375266611
88188301e8d3565c7f1e2cee1f9ab8794676216a,7.707014953948075
8819c6723e6d42ad569274ebe2ce4212fd8621c4,8.309286521003214
884afc60bb87e1f0d85311221487273fc5d13d13,8.366403077299863
8866a6da23ad8a2abfb243905e0b5e2c98e366bc,8.64618491299273
88a694a270a460f5a09e1e8c569b036d03b9b5ea,9.024920555927537
892240639d1170ec0f4bb6248ba3e9bd390ed089,8.653175719727585
89521736c16fbbd86315c3f3c555132aee8896ae,8.4154031823456
8960e95f79cd20b46b7e8fd09d0aa88015566a9a,8.49553444870018
8968e2c95fd09b05d48b4b094529d54d06bf6da5,8.477004442861448
899bf68f741b96e69c8b1d6bf22fd86e00b7c00f,8.353092644597261
89b7eb7ce1dccd4f6a7eb59017ac455cf1e57766,8.217475021275341
89cc639060f3d63cf21d893882e544497e32aeea,8.239272180922056
89cd14d1bb26c559102e9080a85ffa977cde7fda,8.222910006836024
89d4e10b3c250c027e108d10ebc00bda239e7e39,8.23814297306077
89fe8b96c04597a0fb63dca3a86e5f36e7580940,8.395543479467033
8a97d52d61d704e77f82fd7f1161d98054f48f25,8.057426883456419
8ab396fa5981adcdc777254c57ea744f1fd4cd2c,9.143676519693281
8aea6c59a11267f4143312770b4c84a2be56f353,8.630108390450163
8b158f3040b574b6d08148e24946fba8bbdc29ca,8.50447565794503
8b2735093e532de21b7aabee43b9c76278bdd5cb,8.91462739542516
8b3f8cb80815c489e6278cfc1a371b3bee3f6e1e,8.998439312486134
8b43c7696dc13421431102cb4385363ee33513e0,8.51716097339708
8b557374000feae5ac9aee7b4078bfea53176ffc,8.222481786478063
8b65dcf807a9de0c95c0896919da04523176fab8,8.231218424329427
8beffc1494bb81af08c352aea875a183e45bd824,8.328082135821665
8bf27a767fce0a5fb359059183d06e01d62dca8c,7.319881889095071
8c5d6de5fca9e769de9676c911d9e082ec1a9fb4,7.656487732471459
8c6976c873d2ab3f4af9188a4189c46a032a53d5,8.044444547821547
8cf96ad1e77c722694ef03a06a781d61d632f2c0,8.677909018885142
8d0a196c1c472a4601384f4235f293c4a341b3a9,8.57866472776405
8d14518288c33c098206996aab23c31b3eefc864,8.24789668244631
8d65a433657534866907ca34885953c36951db06,7.917019014684635
8d811d7887c2c868b631a2bd296412bde2b49bae,8.4446768719689
8d9b19c2ff7d630d2d48932f3c1d35aaa97ad51f,8.613802961766865
8dada7632816cb20f182c306ae74184ea9e056fb,7.959312695311552
8e20affd5aca29391f582b7dd756c83205297c11,8.231899884184736
8e3a076971fce919b1a5a0bc62dcef86264a1c24,8.419855781070773
8e5fc3c13f17c0502fe3f0a8404b461b46183f8a,8.72739094834952
8ee77ba42fdd6aff7a9eaa84d70064c4cb39cdc2,8.14955434301913
8ee958ba68793684a9962e1b60847d7b73d7c9d1,8.721662948835348
8ef999ab1a83c2760064ac6c7a4b6c4115c5a186,11.32370468327397
8ef9f17bb904f437ec0a9849d820ed0f86843517,8.522268132527001
8f19ffb508b23f955b93ebd99153f8ec99025785,8.54011221521672
8f7402db46b9b2a95aaa8282be9e471a3ee659ba,8.56325554846484
8fa7abd9421e396273c3571b177340434fc132f6,7.482237906737511
8fdb7157f90753735edf97fcc828b75e6a8042d6,8.135674060097259
9038ddd6c0d498cb8c65b4510e99e8527eabd40c,7.797458598772018
9081ee605de7c5e739569f3f829cba953cb918f4,8.456968798083281
908365770c09838aa1bc1874bf3915779910e775,8.408385009118343
908ccf9bf5e0e7ab597a09fa19d91b1a5563b43b,8.367838151206337
909386947a62f62c8b94ddde0b623b87c01e2524,8.02166861370767
90d54808ce52c41418550421c387818cae759dec,9.20833914317722
911315669fafba0a06cdbf08da7cff7e81f49759,8.917198245115095
911daa5a6058823b007274f35ba038da7ec89a11,8.036341559374023
911f5eafac3def56e71836d495b740cd059edbcf,8.446118332186654
913eb5b320c3f4b475e8064303960997b0dd7a9f,7.663478617261519
9167062812b68b140da9de7f824ec6131ef31a01,8.006157917371194
917f1aba835e5d7e79fc124c1d7a3c8c2588cf8b,8.678468686361475
91ccfc470d803af51ecbb91da39db5592e3a3324,8.204468266504763
91eb4058d0937eb5499d0f6b2a8dbae6f47eddf9,8.33529275795396
91f7019ee1831ead0e667cf264dfe7be6b743f3f,9.011337306509336
920523a6f06947927c3d1b9c2c902fae6eb740a1,8.970825210748966
921b990c548efb5620585b0fe3049ed43dfda903,7.6665881517909735
92213400df98f5441533511526206328cdde4159,8.267399007773555
927008a1eb1983b52fe269b504f398ca185603c3,8.327826883530905
9272bf390ef4a8e31a5285c14ec721495414c53a,7.961436187555747
92828f67b16f5e96ddb0d436aaa6f1193104c037,8.787559378833993
92a1cd997867a6115b3d079903e63aba8dd214cf,8.151082072985023
92cea32d04d98c66af1c1366fe9811047a9b1cea,8.89007183093008
92de4c1319bb3b07781b63801e4599302764dc5f,8.390748114858512
92e2b243f8ca7bf1ce773bedf8205980f034ff05,8.341724950805663
92f51b59f25a16e76b18441fbe797a2fa2a5d3b5,8.611913665217868
934776ec5bd2147907362602555bd692fc56aab9,8.485573805005654
93635a4013ec683f217cad90ca4e41aa557c3922,5.1297678062360745
93bda77bd8d32e4fa1a0549b76f807fbc22f1f7f,8.482914652154047
943f8910b7d79d76726a7c50a996a39a00fb033b,8.134523143494011
945546f9d4db4b9599e57ffd4271193406f0d96b,7.9221829695901995
947a2e7cf57ae1a546f98831d861cd87c4fd5ff5,8.50414019763764
948fbf59cd52083820e8e1682a5bc2a34793997a,9.172683668634305
94ec21d59f07c2091e0359a0085fa6c569ed30c4,8.163291558975134
950671c7855e25bf4a8330768cabc430bee030c9,8.180280736446923
951b5bb9ecd6593cecd2bd72fdf62a0785bd3b3b,8.628615664482439
952c0daa0b72620df1288d516f0a2abeb5b3986d,7.831484822840397
952e48fc51ee7afbd972a8305c2f22a80ce9ce92,8.679291754548624
95c2c72faa0bcedf9452be96511b7ab488754e77,8.834288123551437
96013c7ce1186c9a18f5127959bb867243b1b9f2,8.751297705562603
962de82430c78164a7c1cceffdfe31dd0f3c3cd3,8.309967196602287
96d8f7656a57c4a757129d95863a463358a0c3ca,8.911342469708007
96ded661b95e3d4d3cf1c8d45aeae3b335224583,8.32668185708032
970dc7689a54be2108e10cf65af78d85288b64e9,7.872984448092493
97469bc8eac2e4fd57266fa9821a50561a4d8473,8.916178219427525
97983f3249349cfcb409b75d5f53e5cbab2bfa5a,8.508360414108108
979ddec134899a31461a05d820b9d6cad713715b,8.541334901871517
980a5ef7011a98b8fa55e5ac3d7ebce6f7784286,8.287820806822586
980f92c1ca3d1d662e790e884a1bafb6785dfe45,7.893043967111257
9843de5b71377fd3392db81e3178e11bbe90d95c,8.831129827104403
9871e11a3a4574e6b565733fe3e565f13d670744,8.14655104565057
987888aba1d68d84a51fcfef4131d649024e0aec,8.41003586092344
98903e3bc03971360097ad809526370f701ef5f7,8.222022145646253
98cafa82b3e7f1a3a179c62509778cf9290ca87c,8.371277962203921
9906fd2917a481b373848f6d084228f34ace63a4,8.429172535020495
99103791231143dd15aa77f2aeb87b2cd4a1c22e,8.232764447158086
9938999e257ea21c657f6c63ff386937544987aa,8.532239937112207
994f5b5cdc8a126efbb290700caf797948ac1841,8.98091121821416
99751d158308f801241e028eb7c6b0363fc6ec88,8.567585455402153
9981528e7324f2d92c27f163b5d0424a07f94b67,8.560198297041623
99935e2b7f9f41bd823ece5418896aaf72e223fc,9.006107188850024
999704c760821f39257d453f58ae57cdc5db7cee,9.19383800347858
9a20834c7ddbbf82eff849ff8e4f321b856970de,8.353450354336008
9a31bbe1021725b074357ae4668bed6eb7e46bc1,8.22293335310049
9a5d7462df7a85794cd0d7d2c510ebf725d2e13d,8.657382646488944
9a6d7a470aab3fb51ab58261637c58c239ad804f,8.592920659843887
9a7c94325cf12595e72895187822c354cd8ef458,8.24541494950105
9a8ad4a46036cc65da3ce25da0a1b9e70f979655,7.821728882888109
9aace874af47927645c48f21ffeb82f8e15f24e1,9.360285422834188
9b0622ca034d946055f8590f554fde632487742f,8.099445751236527
9b4fd6bc9be128b294d3a8590bb6a146bc503902,8.48229940571986
9b536900fbffe20f4db747af055dec68b3ddb6ab,8.411173684408576
9b6d776d82bca421eb10bc4a1f5f866af7fc2a3d,8.276845687020174
9b788cef19b68860b4cba1f072cfc4744e6610b7,8.380455003269777
9b9216e586500b4d619e331890d3745eea1176b0,8.334453267852915
9bbf52d74e4300842b27973d5e1d65a74c54c1b9,7.397892893478861
9bc8e6286b7a331de79c4c4e868b806c0b3bb12a,8.23643215185078
9c03af1da21c500de8e0a1be24e3c22d341961ca,8.241081611294273
9c4e901d499220d23e819ffe0156ef62c7bcfdbc,8.159409931836766
9c59b505cc82ae66d54df9629666137c9527e56d,9.110663394129771
9c8c8ca8e36d83954ecf380f84b01759c8363df6,7.8912676628187475
9cb2a2853cd6c58a9b7d07a87ef3138c3cf723b8,7.642390882487002
9cf17df2214b19cf4cd63df22b802afde8cb98eb,10.53517380162793
9cf5d1c0d7ddfd6b78c222e83894ca3a75ee47f2,8.28186882807734
9d053bdf589efd451ff25e1977e438b11122e0fa,8.591242289856968
9d12b920015fc145b62c73ca689e71a362e33b35,8.021195447782226
9d46769291771df99e8061cc9c5d79aacb087210,8.061751824604741
9d549d02a71100ae95cf02deb371138097549edc,8.369165809278803
9d69c1d50467997289ee1396002cd197883a2b74,6.415620612926416
9d789185f1d5fb7bd42acd9d6dc1f5380fef1c4c,9.612411000869539
9d91374d67624389dacb4b429b8fa8c18442b29c,7.946662865692071
9db80a153d642e12571588fd68473c6e307195df,8.56071743255988
9de51c3306c206bfeaf41f4aafc8526300a9f103,9.209638087385418
9deeecfc873e74ca5ef8b27fb6b22bf7a536ab86,7.892703086118075
9e0457ac0f2824c5e725d83bdeee91ed078343b4,8.643798490591571
9e1f7de0fe95b78cc2236adb52b0420b382b40c3,7.766101559870429
9e4c480f54169dd91629ec30917139f2b16bf6b3,8.27656343845074
9ec1ac8c3d812703485bee8d58b2a81f4edc8754,7.967904777595882
9ec591a707f8d7eaaa8b43b6faa23292511ffef3,8.091236120543401
9eef5b76500d606c0ace08b9cd3ee9403e9e9664,8.757042045042668
9f605b4802c811805adc38ae19035ded09a5e4b5,9.481206250486546
9f8f3fbc1f6d3f36859a33054203c55d028c6e65,8.003581055837218
a05a86b21a7d5922fed8c50f36d307ed7a8cc70b,8.940532632063944
a05ee87ddc674ddf01518fe125eaeec0820ea53e,8.027789001363448
a07cb417ba30c0e4d8cc3831f093740ece8be01d,8.893283575476444
a0ec1fa9ef85571c363b1ff524a7bccd583b0ee2,7.7201077458486
a10c5f4ba04fc56032719cc84184c0ad5b5f8446,7.638770118881425
a11fcd52b2df310a3f3bf8e0561a2c587005e96d,8.849425303531671
a130e19ad47a6849ba0261a7a81a8d9bb93f3a7a,8.87311129042974
a18783b2a14d61192a1b97ce3daca9e67cb8cd59,8.313449209197545
a1b60c404f7df8f6f2695982048cac298567b821,8.64954173948763
a1d026f103e45011fefbfd9ddc32eedf16edd5f8,7.926327749685279
a211065a6e065d2421b924d4e9314f1026611aa2,7.9636360804325435
a22a58c5be8aa2c2700619e37f2b7a6e4efa7e6b,8.558213964686036
a244f431e70a9d4c780ac6914b564d98c04ac7ff,8.007180263246951
a24729ea6c4aab24a9d6dc73513113e8b8fcf35c,7.8290407157632025
a274dc9836c18bf295e9e81afecbdd72825ea79c,7.755085631851605
a30f91cf4dd6e15b62a675de5087a6db82d61f51,8.346584161419164
a3748712b8685edb49cf966b7e662e1647503013,9.019315015208536
a3c251eb71ac7769282f383672f19d3cf66f1b04,8.63251405608901
a40402ff4c87721e74766e6751bb458653b3e686,9.151792675232823
a4a81c655f21aac65297532528cba5a28e8f5ab1,7.883721623505369
a50e88cb6830931dd1271dfc49b3497d63bd436b,8.447857140146228
a52c67c0bc1c6ae7da7c6e4d38cc7ac5a869ed39,8.16019784917371
a576ed0ff4b19b2c864b2c489227a491ac670b84,7.393537359447544
a57d3a31b965e00aa208f4d499c0b3637f759838,7.913732292944864
a57e6a1dc883554789ef6049be9b51530a7aa207,8.552625821325526
a593667aa30cd094ca66d70dbb5ee98fc64d38f0,8.301398848056028
a5aef107fcfe6b7323ead96aed8ef74a69efe042,8.368401277163148
a5b034cb2c29d312a2e5475da6174e196cfc3c1b,8.535806987975052
a5f22a73b7cb93619da1f3cbc56febec52b1c16e,8.76042987887234
a5fbdd306fbe3003283cf2cb7ae4c371c9693290,8.14282975782685
a60f543d315ec120d2f433cdccc19342c9c3be02,8.963754274759056
a62742a35ef9194f7da07e547fe13f99bb6257bd,8.547463287810078
a632e2659eb116c7514dd825ffaa8939365c71e2,7.705197631683609
a65549b33ec5839c95aa1e9c2e50f74685ad7cc5,8.08777976436767
a688299300a50fed79edb502fb02fc503a564308,7.899061368034969
a6bd1b3de6ceb8be610c33e3a0e4a89350700984,7.584290851410913
a6f3201e19df0a0fdf0a3d878d6a8d2e50eefc70,8.104220898335795
a727c00002127704e5ae41a4a08948dc43b4aefc,8.131838185028498
a7442b91887824d182c90cd82955b97a1404dc21,8.016225123430033
a74f9942a4bf89bc51a259bdd7f5427f1ccc82f8,8.202635572889088
a75958bf7ddea02d2c0d5a300c83abfe240f3552,8.404213741076106
a76e1891c401fc5f73f6942768488b1487533472,8.497481290303941
a7e953186fda9e7bf8368e2d00a19d024f7db5c8,9.01788147185427
a819175c8808635fda7c3854536f82d90a7b31cf,8.063109385377977
a832f98e370c27f9fbc8e0caec05700a96e89a4e,7.936101772783413
a90b8415afe8507a36e7be7511fd36f1045418b7,7.088029237678875
a94238b07de77bffd5189487ac3d56b96db7e09a,8.85420887240229
a9947ca4f64f3122a22c7827ae089d48db8fd76d,7.805532168247864
a99c3a5ba8f7e25ea61f79dd74cb89d6d8bf8a43,8.62986715631299
a99ed97ee0e4d81fc9a8a5a5baaba5407a897b84,7.733227278707661
a9ccae25b9a8738fd3ce42dfb0fc5e92ca9b8d7f,8.300779601696695
a9da415ddd0567c5995957b2239621158a4521f1,8.543152169178505
aa01429991aa756b651364d54b7b28c2bfeb6c3c,8.467566104414246
aa1696aba3e93761b292c97c68bb0e06bb2f537d,8.51990784270836
aa2166a08738eb1a62d78686cce70fc5572d0607,8.423166383354209
aa2288779d4ddfe46b3dcab170577d4f5096ab15,8.487852612038107
aa2ad4e1f1035826e6351e1e801eb57c0b494267,8.651706591329376
aa8508f6aa7e91da7efc770fc0e04c471463ffeb,7.731030895271145
aa8e2b08e043c6d844c28cb004a224615af29e90,8.237416975476014
aa953585f60c1f5711c6d5159abbcaafcc89eb77,8.543947865614369
aafa3b985fc5f4f1f6dbe50b8edc01713225dd2d,8.774187874501099
ab2a1e43f425b67817553405c41c09a9bcb0e9c4,8.242115584305177
ab4899d3252b533827ab7d15261b9edb38cf0a7a,8.48671482646743
ab4e0b5338de7292c155831c4bd68a740ae6d05f,9.312199089443329
ab7c842d24cac25a1a3852cce506ca92cb8ed428,7.5162608078769475
aba3f0810ff4abb82c285780965735f59dffc070,8.196674831756948
abae080e558fbbcf25131d47ef3dbea697548f14,8.366748567383787
abf736b0441172883ba772951733e73d557598ab,8.351751984935557
ac018ab3a6242492006b3ca1e0c508abd1761538,8.307097798808602
ac164aef8492a4d178d0704b602f0522512dd913,8.954024907409776
ac6104bfab84b79b7ff1f01c576e2b7442988f38,8.77428398638505
ac6522ed2e2b8a808bb80970ccffcb6572183349,8.808575994175442
ac7569c6eb788ec3ca408850d164b68f73bb148b,8.2772552000744
accf49bc7124b7fdffea9e75a869a597c4e8adce,7.676606271521132
ad03c4fb44da8b106e362ef8c65fe2bf34a385d1,8.655836487544784
ad3d8c094d5606a8005bb22a4cf910e497a03224,7.910570286797806
ad57f4feb3cdcdfbb77d4ccd074d9ca50227661d,9.082433973570563
ad77e6368d86e38cbf14a33770ca16b204522863,8.331354109577736
adc3882c435a390c34d34279b5528215928944df,8.203862518318832
adcfbf9c58d92335f9b971f6a9afd19d9feab214,8.26066178256561
add17ba1901ea9804a604aeed6ebe191d784785d,8.122184144812191
add21f371c1ade0e82ccdacf7ce016dc151a6968,8.722987274466371
add7a23a1b66010154da076a059216a13b90191a,8.566736501076583
addfbcc77f77c6c80cc3e55261cec181722e68cb,8.13647054570043
adf4cd4036fe7649e15bbc8379f224685017b379,7.711568437005324
ae75c8309bea2f4a1b1624ce50d0994d5b4dc451,8.971058144786227
ae7e6756887c7c2d0e3d26bb83045d298dcb5ddd,8.201608712489605
ae84ba8c1585fe80b8d2cc991a9cc4af2921a2a2,8.649819411785746
aeae992591ef4a9423528eb6029301cbd29daff5,8.21661864054706
aef76b2d6bbd67cf3aac958965862b263c50d4e6,8.048741399717203
af124b723c6d0d777c60479978e8da661b34bc2a,8.31940382055659
af12f06588c971f6425a28d61e4511bafff05bb7,8.057222023501723
af618fc07f8f8c9e1697d7e8ce5cea9dd4ddee00,8.74892331773051
af744dfd0234f2b89d667f962f13cff1b5d0c9e0,8.469344329848404
af8cb88c604c245257dfd33607bcb87cd357d3c9,7.705451355133199
af99c21153a5cd9289febb0cc7d1f8cbee810621,7.27637231503255
afc376cc4bc5460a941a5d21f91d19f159cdf490,8.32237033951355
b002ea316ac314e47c6aceffd6583bd300962387,9.120423709070318
b03084cbf44b7fc100db518a5ff7ef7e9924c260,9.245995336564635
b041f9ef5ab6da232256530cf8e22c31ac99971d,8.497893020673517
b0718e2faa64ff947c0ba9e9516616b44c8f4a5d,7.486899056580909
b0f303b4bc78b12a467c465db3b050425eadbf64,7.819570134392446
b1179b71e93f6ccfe9702cc342e53c5c04d2cf60,8.211240987801627
b11bdeda44addd99b9b0cdc016fcd27262b51fdb,8.560400125476392
b11c7371190aaf26293afea3ba2146f21205f73f,7.94753634421045
b152244728671db447c59ab0796fac9a423e1356,8.275358997288585
b1e8855867b91eadecefd05a09f101799008b8c7,8.465793757237188
b25340984452108c2928e20f412866a7dbf4646c,8.548365772628248
b27862a2f9590331f29ffdc8f3648dec2a7a7d30,7.803828035852665
b2a46e3625d075ff330baf8e18019e1af424bc62,7.975300879446042
b2b334fbcfc12bdf6bba8dc45aa8ade3ddb746aa,8.091236706780862
b2c520e7e4ea03898e0b8204fea068149d5535c8,8.210408439670394
b392a38d92631885c3b63500548976ac63518da7,7.930729573195464
b3946c98c388b721854634038fbd1820a7ff046d,7.14814309292226
b3f68ef83acd623f98f4a03fc633905fb2a5b027,8.792195355690621
b459886eb6e03f683c364b338a5c2f4776391dbc,9.290367713583944
b45e8d507778dab56f381a681c453cbf4d3b4050,7.5166647512372915
b4742d304d9cd4891aac3cedf5905676e9fcc9d5,8.319979425678257
b51687ca4edcbe2376bc3204617227bceb0a52c0,8.542901799777631
b51b95c923fbe5e4f47342faa554cacb44477016,8.118027134495874
b52028ddeb0e0289019154f32e763393f83a30a9,8.562167197536203
b56069b7f468c9cb3ff1ed8830af52d4e2fe60c0,8.354436771147181
b6535907c852434b9243df7a0e65f04d688d049f,9.080577018754223
b68533a39390311fdd9ca8baced33145784eb561,8.44530474789499
b6cb94c201726bd4e4dcadc007dba2c69933e0c1,8.207999348686187
b6de7562a3dfc6522d1d9f86967f5159e3f2f090,8.199290047820282
b6e252e4989b3b422d69eae06831ad0bfd396126,8.13481464264284
b7047722486e995e27292b5ab1945d72ab5a3708,8.01834876370388
b722e6209f2858faf0bf80947cadcbde586bb666,8.306399621040317
b7289b3b24fd67017ed82f62a889b4c9a0fb5ba4,7.116628868451806
b7297bd49e99532695b6290f29fac82928f9e03d,8.763421189127694
b7298b0fe50443a623af9b56792b330c2d052845,8.886511922878565
b729f209cdcbb802e5f6f16fd902793131660968,7.745702165754133
b72f0fecebc0120609eb4643631055b2e7a31fd7,8.699488421317765
b75c5320a2ce606e7c46d1f82723e1e461f37a68,7.700873651557769
b7931b60e23916058a5767895b9214dac7a6515e,8.418854233716363
b7ea6b3de19afe8e98d52228dfcc3f3027f18891,8.175865675061626
b80a4c674f6640d304722f4a92eb9b47345f1258,7.95680267057695
b8b78832d415b2137aaa400ec638ca3828510a71,8.997641119655723
b8e898c506ad360ead5d4fafe6651fadfed6645a,8.19469072168156
b9cfcb9ade5f88679b72a7977c50eaca7170206b,8.108470363773929
b9db6bc5ded963759b9a1db58adbaad3314169d6,8.400502022439024
ba0b274a12a5891f98da7f012d4c757aeb822917,8.473574839668949
ba12c0a2cb367af0467e479c03507c71a805d291,8.640185050416758
ba37558e4c84bdb5486d1b3622b0ac7ed3d5222d,9.41449889713088
baa9b5294556d31b066df7e0dd8b1b0b1a8bb9f2,8.671362754720846
baae1f7bd8567b6f9e220cc863c92124fa71e1fe,8.712645139595955
baccf806cbacabe5f3a91ecd093cf36b4db436a6,7.85634303915402
badea8134ecf83e912ac6628ec12465e227c1e6a,8.475856328034768
badf8b0a0c342afb7e1eecc4fb19feb7ed28e180,8.090422375622053
baf05c058d7a427783ab9bde33f38d55ae8ac0cb,8.243513691414163
bb603e54f5809d802fec4c70df7b2c29a5125a89,8.757150213985202
bb6bcc05d3ef04c14c73ce93dad8c9ea60f5297b,9.020927879514076
bb81a7f88631b987cd15c8d539e806ad17a5b664,8.213645947126743
bba75421c48ff666a96646bd283072492fc712ea,8.06570350252391
bbaeaab91cec9991b4747c8ca3fba0981bf68ad5,7.062418426199163
bbb7c8095658b847103c47aa2a4b55440b0e9ffe,9.18164832466474
bbf7f2c725fe4c3e0eb56d29707437d1603b1c56,11.67370959602452
bc1f0dc5b937d54fa64e44c1e4e0de0e5a4724c1,8.523413191199724
bc54069a859b02cf1b00e7ab77d68132f9021c8e,8.479239945074688
bc8caaa2729aa0c9179e8d66388586a4a8586f20,8.552710267754358
bca16481f37f3534abb04344ef1855b0e56140e3,8.446409361327929
bd18fefd95851483c8aab15987fec421f92523fb,8.492461879027791
bd53f29596985f567c39329a8f8da5100810f0fd,7.227173286813889
bd81b591d06c4a726078a831c11516d6ee27541d,8.091767965475192
bd9bd34617afb5bf1f3ff27e575c4df427ac32dc,8.549006543694613
bda97a680a69285ab84aefb75abb53676e7f6b55,7.8297274875449165
bdc3fba009b4d570355de5bfedfb6766746789ce,8.540288914586007
bdcfd5ee015db872058dc442ab9d3c72518366ff,8.328363061891014
bdefe60060197430834e27ee0ecc1d775f5e2b89,8.50047756189176
be40efffa2a2ea77d3d2fb0cf1f8dd6a8da2b287,7.9462343154579305
be6f4f4f657c80883591c6749a7951f9c992e4b9,8.767982037923737
be7b5a55c3a0343bda6a2a6ad09c5cfe8714b27f,8.276545147119455
bec0491f541a76e4fa31e17842bc573c812cb528,7.855095383487399
bf22fb15bf51bc4bcf3d50f7494caad62a596d0e,8.59000063158909
bf9e4a55173e6e65b88bbf4f18744ea043b07ed6,8.53591014162944
bfb055d2c2ba396d5e6bd6022719b3ade1cd1407,9.172216617096176
bfe7f84ef78bc0134134fcb799465996fa84e4b0,8.445804450681813
c001ef5d0a98bae288e504e13db2f1d4533021f5,6.256618082310513
c047e3345530b4b4634715536ac54cec9c756b66,9.072122984493962
c072621681c71501470509aeb1c51e3f9f98df5e,9.115073032363654
c084f1399d2813131b70acb3920068a454cea6d5,7.939917324522092
c096fc1d9c0ad8efae9cfd509f75522c50603692,8.210067118439166
c0986547994c0c40ee739f045a02e1ce427ec132,8.429205916163127
c0b8f55536e05f6da91c3b65ddfb69dc8daa12e9,8.505156850084331
c0c13857d74703fa66da743d1d670bc2b9957f7b,8.727100481915368
c0d3079f5b83f8962c439707b96c7ee43be2ca18,8.295687297773808
c1287b2f156f6963bdda82942a95288967e9422b,7.5813613944177565
c13d9b5245d8fc600da9390192908048857599ea,8.512243144051581
c15e04639eb35379bc74fd289f38b1c9d21e2278,8.12893660070435
c162ce77f4002856b569f63b1e2b58ccd6d961e2,8.497693325326205
c195c2ea359350b81a96211ccb40d03fb0501e7d,8.314482203043926
c20545cf079fcd100052faf6db21ee865023525f,8.422445999901788
c21b13edbab3d247c8816a374ebb57ef71700952,8.237961033583336
c2660985c0dbf52fe68f7d3620fffa6ff8f2794f,8.150948340432599
c28a837bbc21a0b6ea686c34b12a7e6badbc9140,8.174037926396894
c2ac862e74879f4b60191f0bb1397eff1e157c8b,8.290116410216534
c2ca84eba451533cc357b9c82cdc4c59227ee38d,8.308736705714079
c2da78b847fbfac6920b3c5a2086c79b3a2db8f7,8.308562231833989
c2dc9b42636e453c1ad8e7a5e490654d39dc303b,8.274065586097395
c308727c618e21c478dba676bcea9d040d179f99,8.333058005361849
c3127c3c92a3d510a78a5248b4e7fac50ab81e0b,8.405194218309457
c32840e4bedac9715b49ce3f04b3dedb98007cfe,5.127418363737893
c352dbabae85680f4ce4ebf67886666ce47edade,7.781943507183268
c3635fc4a7b4545fc6df8dcad81f86d1e08c66cc,8.200539494824694
c399382ea2553528d9b44a9aa6492cee7cf0b5c0,8.38337435294725
c3bf932c28538beb5024e80bd06e09c44661c8f7,7.143119490838096
c3e73d0362e2b21fae6edfcf518063e8a28b7b63,8.094256449486698
c3fdd44aeb469416e4895afe4040e54eebc23db5,8.101651612143758
c41c79391cd0c8816cebc9a0b4ef1fcc5c2e4018,8.6158342270688
c4504ac02ad7e7e0c9ea3a1d78601374e483fc30,8.218110944813743
c45bf22121eaa2f37dfec2f58729d22394ea220a,8.527302998191258
c484db51bb8e5e6218578a71ca541b135c2aa1ff,8.452947496911648
c4dc23da121e0654017198804449e35b2e9c2027,6.784594871413662
c4f595ca17b4c13287b0beec0dbd45d0e356055b,5.127418363737893
c52befc118a44669cbf7912b419dfc433c1c0eee,7.988683502598407
c52fc84d8cd2335788c472ff6fa6b3aaaa8f2252,7.592423619921468
c5b963fdd21435b56c4cf55f49d652d92fc83093,8.36135545178343
c5d903eea354607809419b5e23c869ea16626a59,8.954993655177278
c60be70309789b39355dc612f36e37090ccad5dc,8.245239370070305
c667e08eaa5cf47dba38ac81da9c185659db42c2,8.004073689644457
c670d2529bab25c82fc7c3757cb11e7f2e404de8,9.199845662811803
c67df30ae6cf151f19df3e36d15f0361619ed47a,7.959174733799676
c69dcaf9e10f52b187b13e678f9fe65505167720,8.415911957710529
c6b1b85455fc8ae7de258ff95875644d77f55254,8.503487020489661
c6e9fd605b75a5090b1879635a6db8da08b8a600,8.33936154733436
c746678029d2139e7658a0f94e98bbf09f258673,7.791008734573657
c757c72ff79910b22c548daf9067d6a682bdbb4b,8.715282458775457
c787e77b224890e7fdcc8e2ca0c0577657d98581,8.061762186935352
c8332f72a4f6049ef2f28e4a0fcbde9d142c8591,8.116534192676784
c846650d2b1b4a07f67e13c5aa56c15185f81f15,8.874381417137638
c87d4a1dca2349d1fbdff1c6d6a57708c1df793e,8.657476197536614
c8944ded19113906cf130904726028c5c1a11138,8.467356761872892
c8a8565f00553a00a5d510958dc8c40a4a477783,8.607545703207155
c8bd30152ccbeebb18f9b1fedac0869f845980df,8.532114316262746
c8d7193cba58a3bf26ba18f4ba5728c56ddcd4a3,8.26833492218774
c8ea10d959a7c782b45e6e83040472d432fa448f,8.095565594929376
c9c6d1fdb1bc64d7137f0fb7050e334cbb7c0f6e,9.77502021548064
c9c9df2ea1ddcc10cc57d4e1d92b2f8b33d94538,8.453044486214454
c9d7b86399869ced995a6e467a257c3915339562,8.314214937496201
ca01f93cb3384006f7af5de96bc25f924ad8bd14,8.562040814965997
ca3bb5c80bd96ba545e0a42232c6fcdb55f7106a,8.254107778314584
ca6829e71c271976a4eeae12cbba5e49f232da3e,8.403865916655597
ca84b66fa8d2c26e91bcd21dea081bb062e51711,8.587355910835255
cac291a9658d7ef15e1ef0c71b188d96eec19ad0,7.144576732484405
cb0f9c7be617b2bd18ae83ee9e85b621cabda67c,8.571862679580882
cb16d181d96fc8c94f8416437c059b5f0aabded1,8.29047303748609
cb713a14e9dcf23999265a8826e204beb646626b,7.7139331480519235
cb72cf616f3cafed458ef94be529c172bbcc5277,8.49523494205928
cb7cbbf59876001661704aca5fa8d70467f514a6,8.634263515408987
cbb7db3eb5270179fe8ebb9e73dde2c894c9a971,8.513511134110537
cc1f8f78f5ef5237c717194b38699b168c265513,8.637595612687448
cc431fffd568a0d46d302233b4d71bd216fa94f3,7.9519875601295515
cc818564efabc759f8cfd2e978029ff6125406cf,8.126323995555074
cc8edf9c827fef5ead4c85eabf96ca7033ddf165,7.829176744521066
ccc7600e812ec5b6e75a9b4e2b04f00a48d1a9dd,8.896807724601349
cd1c8085cc77aaebd3c527b4ecae7e9150ce0d77,8.29170394763991
cd2b912e4a3d661cd4f500287d3bf1b4f444b7bd,7.919717307576862
cd2cc30c2a3c6b967fc897beaeae9d3482163a21,8.539175279401377
cd32daa7c1ff3ed117a127c9c185c1b53a396138,8.158473849901423
cd6862158d54e5c270e8d4bed99f73f32a721e14,8.36467185661163
cdea6ad7a63edbcba925717a8c64328c255a0450,8.989840364631483
cdfb7ea46096b2a49dd710ef5dfe7bb354cda15a,8.328929885344651
ce201bf315598feafcad345a663284bc266862c0,8.218557086299633
ce2f2072bf32af4582a24726936af34f88225213,8.327187831041659
ce3ad9b28ad26a494e6a196c110ca405402f3e9b,8.792312665208662
ce56b4a23981e6c9f70e87f087bc1be07fdf25cd,8.032840512914003
ce5a9a38579b80879f4de53eaab2d0083b685d62,8.45976010831707
ce892387ba13c6b526d18de003b62c1bfe4c125f,8.533326948601454
cee203ff00aaca3eaaef780ea6c4a68a3f8fd2fa,8.21910328426027
cee41e969faac5fdd054a726b10fb09228eb7061,7.786027177047622
cf4bc843e5bd6ba302b1289af66f383b0329d6bf,7.902541803825646
cf5422ab2f6793f4d5930d2901e652ed7dadac9d,8.063841666447757
cf6788dceae33f7826997b7fa99b5189cff1aa4d,8.465467775187584
cf84076c807f395016eaee41297162276781b963,8.558988177591452
cf8a26a2ce3ac2cfd81a1050e73bdc7a4cd225e0,6.3640279315712664
cfe62afe7795494a49cfaa46bdf17c38a3c0d284,8.229390119192061
cfe97f961ec4d2fc578ef0aaf87f52c54a9aa181,8.05730406532099
cff1765d7a97d3f012a354586ccfd49fdaf6aa44,8.151534533059433
d023d3790457d12ac59581326aff1a396b206d09,8.702284153768996
d0561a58b05777ad43db1e0627d8770d37c48d5e,8.413363219428362
d06025e3b7e91bb8718335f7328466206060faee,8.108754745512806
d08b1608a634fda68fd097f278ce9fd4ac24046a,8.327134151130771
d0d3472fa981f90d8e6d036dea4bb627c73b6592,8.538940901777533
d0f28e44db91cce7caff1db428643300dfb3392f,8.723415921258503
d11774bd10cd517b1cde216ca391e76efaf59b44,9.024471060089985
d11e42daac68288eea95d8923771a326e667b520,8.815039232921473
d13ea487552242f9c688d613dab06ea5b8a867a1,8.394047715298655
d1e238d8cc58ceae3359c94b2a4a976a975fc9ac,8.650455676872696
d20b8e96e5c520827768fe614961d0534c6f2680,8.690915716329592
d2491eb9351f861cdcd439fd5d73883a6d681d6a,7.978927419753611
d28c344507f89c41df926794e0d5a96d10349014,8.799454035863125
d2a2d2ee79d993c9821f176d9a248223ee59b3c7,8.041661128551851
d2ef78c03149ddfd267005d0dcd248adcc227e02,8.382375322711841
d37f552ad5c3e1e1c3fc9aebbea6cf50e1b9f334,8.823641835792618
d3de05492e2353a5f3a80b5ea37a6de4651923fe,9.144367838330965
d4707fc4aa22e29062e02639a1b8c9f7ba3e6b65,7.716979777365088
d4a08e7df54afbd81401faf2e0349e88ed7fc2d9,8.14922966253218
d4a5c57c98a9d8e16b1dd93042d22cc422772b0d,8.001168116115771
d4ca57e34b4e28a3a0c73339e0c72db036894d3a,7.805271857842964
d5155526fe2b5c2b956687b34d478647ef6bd092,8.48621416865808
d5179819718a325ee33fa2096f37995ea6cfea8c,8.167644675990601
d525d6edf4b0c6362ddaa4814c3930a6a62bdc99,8.229784680858174
d57eca033aa6388430166086ed3d0390ffefa85d,8.539737770966543
d5841f944022e9ef49bf6ac9b5546dd82ab2784f,9.077961646414966
d5cc23d9ca216f0f8c6e5ada7c4e3284a3920958,6.987513376129143
d5e3e0d1ec5eae8e2fc08b9c3607cc766be6dffe,8.235824136068647
d615e34b407b1816d1ae062d56a466c1d17b68ae,8.12482955899203
d6515d627895751c832a3075053719da2f5e6cef,7.81959874561231
d66918b05a4d978f6aa15979c85902d09babc898,8.062843358159956
d66c55f4502b462e88d4529dd6b4d167fd42d165,8.034396558461644
d68718e7e9140ca136bf5e39efd7c122632ebba2,8.379956578377376
d69d2c6bc916b8d054bd50f4270a1c6d8cca1426,8.719503258635967
d6f54f87ad964bd1cea20ffceea962f8b6236da3,8.846603120695075
d73a15bdcce722312152f547cec67e8dd584a6a8,8.283281694276969
d7a319cabc8e30b748e2beca44fc575fc83197d3,8.519729759500361
d7af1840c8914a381ffae4617c33ab76833d9513,8.111146115028719
d84468682013517fdcb3506ee81783dcbdf3bad4,8.357998637997074
d8550edf3efaf335a9648aec7584ab6acb55cf30,8.422399122080904
d8ad4586476ab6240c0ec83f3c12cd4cc7a8f622,8.964733403508303
d8cb6954aff8cc17b05a205c949f36b46493eb8b,8.281822474722107
d8cc02c7b6d2478b9f6d47664272c43801d6d9a9,8.440372017537458
d92840812393583b0f053de80ecee59f5b19bc03,8.804762927413675
d94808bbe3e5b3ffc39c8d68e0eed70929c70762,8.010092889738162
d982afe8253215b9a75464a85bb061d5d5f7975a,8.214678746349517
da37e77368c2bd5a7a9792749fd6ed83e05e2515,8.161063168681071
da7fa747f59ca321b48b414b2f884d027bc961f8,7.941395606589441
dace1e5b88ac51d7bd53523ad70f8d5d188b9368,8.230535944306737
dade8cdd2806e1efa138e68d984abd0ab1c87ced,8.149352874547745
dafd07b7aab7dad9894cee44cad55efc89255614,8.492686019990503
db4c010c135d84c00fee816a085360bca2537594,8.285074066577135
db5924e7ed00c9136308999827d50dbcecae5091,7.939541286469138
db7c4fbff4eaf7b21678b8b053a0c3dcd74dd2b1,8.512847164172156
dbb0e3f3c32292438fbd39684d9f1ad153bba64a,8.033923794020781
dbc27d6c8a04413d73a885a7b2c2d8db605504fe,6.463796261909283
dc5325f05ad384cacb2431acfa1f398913151afb,7.985487233103424
dc87f8c4ae8953d2d0bcaf1a08239547d77cdee8,8.326591423507924
dcf7777f614c11ed45f8ff82f2c44d7dd15889af,8.419102259274826
dd98462b95687767f50edcdc4758ff5237c0bcff,8.775487889142656
ddc549a4ced606b9181bc2e6e0bb75824fc20f70,8.69208275450925
ddffb03cf0301334f5a2f89626640fa8812bde5c,8.531089827671792
de163edff457321dc540b375c7b316c7f9fe73cf,8.780028086313397
dea33f83f3cd94f54f1063a0cd22eab07ec8d3cd,8.303664312719619
defaf0c38d68f9958bd180e1a709f130a999b2e6,8.635637899191364
df15664e980175f8ee9ea6687b81c59f3139406f,9.36715317815439
df17da01944f34b2a6b59e8d45407c1297f9834a,8.038266571757244
df1a661311bcb75b3b3c258c46ab75819bd6d249,8.991739155507409
df42fc345b50f42b32dc5f9df420978b1cda663d,8.647263501881532
df8fb59599b421d91967aa7d053fa72e91e4f6fb,8.487831926754072
df90d9da415c30c25a16e21ca85638577961e81b,8.425097699846486
df9e2c6cfb6035fa5b26af3b101bacf64e95e913,8.549862732716981
dfc34f90e58f60b101c824e10d74b8ad0c46a2cf,8.134926303967305
dfdeea1cf0b4fb6c906a25d99aa5756efe14c996,8.698748144181923
e036815d3a8d88224e7e8a95c64ca031dd5b205f,8.018904283854178
e04a53abed6db648ac01e162aad84ef8b608365b,8.575072301405148
e07c3edba3602b0d172c2db763539dfa9819027c,8.536468997525951
e0850b1bd8f8de58096da128ec94efbdf5f05ca8,9.1379498524187
e105dc9d8869af3a83704a5d048424441ce4ad01,5.57198853091708
e13e39c815ec66160db3c75b7331dc1a0dd1d4ce,8.55443861030432
e15002a49ed03188f18c7a791c458c19d1ec973a,8.569847702825701
e1d3226bcfad8043e69d31f3d76e719c7f041d3e,8.705196632513147
e20abeea371227f8a6318491ca3c0211afbdc1a1,8.325747965749398
e25991f3bf474e9b542b09aef2407a78f3ffc61d,7.6481466381827605
e2670654203c6b5aa850edf95ea9e293939963fd,8.880349504216609
e299749491b5a979701f0dedd4467ed53aaf7c7c,9.457110602858045
e2d88e3ad6275b7eca2bff120e467f9158b29fc5,8.011949522713405
e2ed5ffddf1e60198f9f138810f84b7107ca0561,7.696396266568689
e3919de46ecd1f707451dad4a1ac88e5b7403f11,7.922154495999621
e3b9460f9a4bd3f4a5243f388246084f41e0dab2,8.49454442364988
e3c9abe5680cb3851ac38d00a01c46f58b6aaaeb,8.169331561066775
e40337a34c269120bffcc76e69700d06f6d716ce,8.497975118979586
e45204eccdaf94faa580c54b1fe1289c97b1f56c,7.4204323996116
e460fd665c3f541f48ac4503abf2e90b9bbb3b94,8.209143183279505
e4935a868e50ec1951f892af50e2f5886c935919,8.427737615772699
e58eaf39ea458008043bd1472f267706524f1fc2,7.283596952219121
e594aa5283c8b2076ece870504b4b6b2e9c29ca9,8.228818962143984
e621f4d6991a537e4508648aa4c3fc278091ec1d,8.935236484600612
e63a9cdc387a31ea563ecc24b20eb824a8c54ebb,8.609165067146979
e659bb37740950badc7fac606f227ba5f74fa866,7.912222763551997
e65a627881df5d3e0bfad77c56221d858da5ead0,8.412828314914684
e67fff49031a4f2699f10d6a2dd89b4cafc70323,8.39315588706693
e6900f649459ddbd9ee38b93582378162c8d77ac,8.80574201594456
e73e06dbdc983d0a3ccccdf754b85603dd0818e7,8.761766437888166
e7b94e593e93b6fe31083393cff1d63ca2142b64,8.22042857986899
e7cef9ca74dbf2dc906e3216004a1b5e6a96e241,8.081706168598002
e7d0678e66dad824da63837b53bb0bb38a571f42,7.580576314332441
e816ed48800359bfd078c1444a40e00be6fbb5bf,7.811957540529825
e8335df6f0ac481c6ac16096889c51cb95ab2f6c,8.897725522636911
e85a79ca1bb1f59951efb5c25e40e0ee73985cdb,8.275869248619637
e85a95e2eddbdafe7db54351ce3680933e09d0a3,8.070128510908546
e873b044ecba72370076d7fe198eeaad94bef3a1,7.241364418937626
e89a4f1825ece62064e95e63475769011258af36,8.390223545035989
e90cd427d5e229999107e56e3f06953f3108635a,8.316353852101933
e92f3d3e5a00b7767c239cac14b6d9fe92d5ef9b,8.369839447418977
e95d7442ab6fb642a8c3529ef2fc8aa25a774e13,9.109389742813148
e99d4fb3ef87d5e201da3b08841541fd953af089,8.468375574662572
e9a8e1a87eb55c0dc1787fcaed22be98d9cc1ed0,8.540871416500632
ea0a8f0b0b712337c3740e6ad5293f3dc47db568,7.962932354322166
ea2f8736bbf1d859fb5b46f848db37f421181bd4,7.128924258525491
ea385e57f5d3d6841a6997dd7af680e135928bca,8.12552082782153
ea55b410ce0e38664c6597e4bfa09fce84399461,8.036702453129571
ea7332c6a62cada8a8e85200ddb71fed941ce876,8.321913055117372
ea79d40b446a3660b4d0b01e53fc4a14bc18f60e,7.642803991142396
ea8f19a7914d05412dc4159108d93d42a675e2e8,8.94934098128328
eaad1484ffa24b01432fa3564a8635bda0b4c34c,8.587659067599867
eadbb37222d32232022838b7765dea96bf38e0f6,7.948445386756862
eaf60b6a377c720fa7a13f97831f38531047a217,8.918448245647584
eaffaa19471bbf9bba8fa5808dd0904474089ae7,9.156354248025881
eb001120a0f842e5bbfd786652695628bd65090c,9.090129452466542
eb2a090421ba380ba6c0a8119510e031bc4e55ea,9.115967193558753
eb451c65ea210bed6af798282c2c6205c79f71fd,8.33034127168745
eb46bad8df84ccc42fb7bc9cc3a218247777367e,7.928182408332426
eb7470e41cb0d50314e9755be518f55b093a4975,8.919459593919562
eb83b2280e41f55da33ed81e62d7b8ebba9a93f8,8.50409031625809
eb870373b64f0be961f503936f7a725fca60fb32,8.359154228445654
ebdfeac0c48444c5f4fd377145b2d97e12c78cac,8.49842380662617
ebe0702c8a0d906044fbc61cf18d3f8dc9aacef9,8.207226965847426
ec62a3c21a4a116991338ac88863dff35157a1a7,8.136256009934664
ec7d2ce8cce8253208e8d0ae74991b46ce2eadf0,7.992583890447719
ecd66b9bbdcc6ae1eb9a6b765868cba3601730b6,8.318599477399216
ece9b75bda9d53b5a67f7bb53b5635a3df017020,8.08159422316465
ed3e0c98995edeee0b0a55fe15929a82097e93fe,8.328866982022783
ed6c052a16794cf2376b1497c505b438e9af69b6,8.467821569852434
ed8ffb58d172827f17d1abead83d9b8c44b554df,5.032383088358629
ed9eaeb6a707f50154024b24d7efcb874a9795dd,8.121565273894195
eda32ee9ebe79ae7f85927db19cadc6199752dfd,8.316412139098226
edc5737211dd036ad81985e117aea3ab9cbc030a,8.419392169027976
edc641c842df448a70ce315e00b6dd4461a260a9,8.326873912342105
edcb11b4746d7b8056929a37a11e81b0fe3202c9,8.231870337921208
edd78ffaa7bc16d94ee6908b98b3d9863f492c89,8.436434362818805
ededd47b1e0c18d4af4ad2b0cc21eebcb7c6e6b9,8.32835898947043
ee30201b0b1261fcb6cf010787990ec87343d300,8.41003586092344
eee2c3c453eb64f9c327f09e83be35ef36528101,7.913240180783188
ef02ce9a2a904477907fe9135cdcbf1652180d31,8.418431624575113
ef070fa973803bec505aeb6230acdd7a917e2a59,8.174206429393585
ef5d4cc5cd7a9d46f3e31572d97bd52423bae4e0,7.793579066664473
efcf2fbf26e74d0af378d96a168c8cdc05c42a84,8.498888343694393
f01795183fd859bc35b074c06fd58b5e6623fb03,7.648083635681452
f01bb96987327c1dfec6ddbc980cfd85650f20d6,8.626271719070498
f037357014544261767c6ab5b172b246b09d3ddb,7.810603882744972
f05838da14ca1dad97a5cc0c58323c6df9153257,8.849526455410137
f0be3049c99eb84be5aae5352c2f0ccf661e1f43,8.20672636775802
f0cbea39c26f2cf588e04885ddc1a439564bd782,7.964126615802403
f0d74f349e6479eaecf425634f8b0dd51e60d60c,8.417886775074598
f126cb73dbad037e40b322f82b6f40e92a15a595,7.626386307061431
f1299639d65fd743440958354f22154e171500d0,8.206039261956743
f1302a0b13ef669e0d797c1d4106355cc43f7144,8.56950173706589
f156718d3970030deec27298f56fc78a00c00f5a,8.180860306019863
f18c98fe93f825e2c01296bad47dc072ff70eef1,8.581153123698003
f1fb0a22c3c46fe87eaf8bdd97d80ed51436f782,7.919601789698959
f2418c1ba0f63cb975e6d8c26ce4a145b11ad924,9.086982908955617
f2c6f4d1250f2570b4dc5edfa7d0952ec4b7194f,8.469394320340918
f2d54f193cc71d429fd5803b2e4721d012afe568,8.686932831624327
f2efe01b5b7d2613529468857009a02a3cc820b6,7.674743892415373
f35248e9e95942a05313dda4f3a677705d8c651b,8.505039376511535
f38238ea1bfa182b81a7d73d563b61dbf2825754,7.816531911928048
f382c8f54d9fc494b6d8cc0751f694f0acbddca2,8.407957865077037
f3a603f5ad05ee8b8374af6523467f1ee058959e,8.799815673237324
f3a7769633f8060ffee4a0295c55ec9be084e3c0,8.633577611627212
f3d6d22e76fc586bffc4f5ac1d73f096f03efa0f,8.101610467153693
f408354e704d901dac2f283fc8242d2787ee4813,8.419560686504457
f42621bb38f167d2de3d662cbe897f5fd1234aa3,8.370660356836076
f4367a0ab2083a66a5fa812df89e590d3fd3b5a8,7.8773307621903905
f440f5463ae218aef17a60e9f2ffc7dbbc45dc54,8.284353354411113
f459440c7a99294ca9763f332cd9aa09b0c280d6,8.09388375008542
f492b1eb37bae60ab4597c161e7b67d9cc9e4dc6,8.288111256216295
f4984561cc406867aa796356b6bf10a2091e67fe,8.343117840567253
f4a045088bd0003226023c10214248049d9da90f,5.1297678062360745
f4c3f24024c2e96ed13a845b5ad7213143844d9f,8.37908999404092
f4d9301713b16c13c174f19e18d0200175494a79,8.833530474400057
f5674c61e82766371ddd913c99e6b70414f4dd55,8.201301180623346
f59fe9b15a7762aa5ffb0653396da3f4f2536553,9.696987550474482
f5a2b63a98287f49a07f6101717dd4c1048b9903,8.02090750181436
f5ede5df58c2ea59be6b8c8097659bb8c2e9d0e9,8.428487576368727
f639cf4aa4008b2bf51b274cc01dede03666150e,8.905623867811894
f679eb92d1581b842e213a6d2a8a74a0b9ede984,7.000712171778198
f6c974c003c063735fb1afcba0aec50acdb89861,8.072561985909473
f6f5b15522aa9457158ec6d7a16caaacd6cbee42,8.289053400953179
f77371745c51f549f9a641110e52f255aaed0f10,8.232338027610865
f78599d53dcb621a631b8dbc0feb5dd63e2aedd3,8.239299125263827
f7875ec1207504a229cd9b5ca132437c6bdd6a4d,8.3907888809423
f7b65fa8dfbc07f71d9e206d1e1fd35b986cab65,7.97954978288128
f7ce1b89f61b8a40a961d7fee02ea31d4b27583a,8.679570110902453
f7d331120e9b3a15cf4a0028849bf050846d5d6a,8.104551241241056
f7e7c21b753521a3f4eb226d9c69d71214e183bd,8.431297183525919
f8526194e3d9450a847706ea1c474c9e1a65a3a4,7.6199803387581415
f861873a2af44519d0c30b7b390257e28084c360,8.404082065691398
f86b9fba1d59be7c864d4f23d0c7674113a27cab,9.52329986775612
f8da0aad0792d4f2d30881abdbfd4029dc264842,8.046189086410282
f90fb4df43d85aad3ae9602aea19fdb4f47de984,8.335338386571095
f91758fe4f441cd4b7b053a03252b4c50f3d4737,8.562555515564487
f91b376092344f19705df8873d25aa4a34bafce6,8.483981345809145
f92e3ec921384713419dca56d1fe2be1d51f1b54,8.404966582395499
f944b947ec651ccf64807b644af38c6f04229bb7,7.824540209543863
f947938c0e7c1345a488d9f17a74331ca6f478dc,8.636823341226838
f9491b0ab4aee90c428545e0e315a3af1f827595,8.967730704373515
f94ac320b67f53eb86a68cf30fcced221092e7fa,7.223013436379522
f97b1dbd007f20fea2e262e62433e01ae91da602,8.211138251749915
f9e06c04dc036b01f65e7f71a9201922f201dade,9.151062905143238
f9f4d4ef2a3de006bd037db9eb160ab8e51c79f2,8.755216857894306
faab34a8374299678ccf4eaa3628cdba3b65bfa6,8.107303172628825
fab22b3c9fd685c26953a5ffe073c4aa2a788c7a,8.224732130423646
fb0a2834f5f131005e12dc1962056623ee6a7188,7.877773245717597
fbf5d7997f35a05b4f296b7b70b08866c13db856,8.271643897854341
fc4d0cb084cf3b98bbe820a9fc36fd437940969e,7.851964387067084
fc83d8b4ec86934a2daa128311afedeb0ca5fd50,8.61296392433714
fcd6e54df612c033e7a465155046b5223ca4eee3,8.181572818700722
fcdf51cf37b314ebc57038046b859b3172117f4f,8.41494476575612
fd29d68d81bf469540c56ab7074ad748cd72203c,7.540540724121245
fe31861a03511f91760de27adfb8803e8ad321b8,7.564976205645942
fe4316169ee8c83567ebc52bc629912ff65f14b6,8.213226127950826
fe516d090eef192c93197ed87878da0e23908140,8.57072126872512
fe659e147194c97b69278c8effb4041297398009,8.031410992718198
feb8a2859a011c59efd22ed419cb69288fe03627,8.313244171326062
fef4a3263ed9a8ab14d457694bb8fd86ccd98312,8.475687264533914
ff12d6e2ab80696ed8e22fbe5497e96c68d29076,8.8833962916908
ff3fa2ec64294f37ae968159f810ebeda7966c51,7.960692362208254
ffe872165621d735a48bb5db0c71dd5195cba359,8.657318370437128
